排名,类型,书名/章节,作者,更新时间
1,[纪实传记], 运河逐梦 ,顾坚,2020/5/31 12:14
2,[历史架空], 亲爱的京畿刑… ,空舟,2020/11/14 16:12
3,[历史架空], 人性禁岛（全… ,破禁果,2020/2/22 0:00
4,[现代都市], 最强相师 ,罗晓,2020/9/23 0:00
5,[现代都市], 天运 ,微笑面对世界,2020/11/27 0:00
6,[人文], 糖婚 ,蒋离子,2020/4/30 0:33
7,[古典名著], 资治通鉴（全… ,宋・司马光等,2020/6/25 0:00
8,[古典名著], 红楼梦・上（… ,清・曹雪芹 …,2020/6/18 0:00
9,[职场商战], 樱桃红了 ,夏雨飘飘,2020/3/10 19:00
10,[人文], 妈妈教我做那事 ,大帅福金,2020/1/6 0:00
11,[古典名著], 史记（全本） ,西汉・司马迁,2020/6/25 0:00
12,[现代都市], 首席麻醉师 ,山间老寺,2020/7/4 14:20
13,[现代都市], 龙行都市 ,雪月,2020/12/16 10:05
14,[古典名著], 野叟曝言（全… ,清・夏敬渠,2020/7/6 0:00
15,[古典名著], 梧桐影（全本） ,不题撰人,2020/7/5 0:00
16,[古典名著], 天豹图（全本） ,不题撰人,2020/7/4 0:00
17,[古典名著], 禅真后史（全… ,清溪道人,2020/7/4 0:00
18,[古典名著], 鬼谷子（全本） ,战国・鬼谷子,2020/6/25 0:00
19,[当代文学], 大爱如山 ,邙山C,2020/7/28 18:00
20,[古典名著], 刘生觅莲记（… ,佚名,2020/7/6 0:00
21,[古典名著], 醒世恒言（全… ,明・冯梦龙,2020/6/14 0:00
22,[古典名著], 山海经（全本） ,先秦古籍,2020/6/25 0:00
23,[历史架空], 人性禁岛一：… ,破禁果,2020/2/28 0:00
24,[古典名著], 儒林外史（全… ,吴敬梓,2020/7/20 0:00
25,[古典名著], 十二笑（全本） ,墨憨斋主人（…,2020/7/5 0:00
26,[古典名著], 红楼梦・中（… ,清・曹雪芹 …,2020/6/18 0:00
27,[古典名著], 红楼梦・下 ,清・曹雪芹 …,2020/6/18 0:00
28,[古典名著], 蜃楼志（全本） ,禺山老人,2020/7/5 0:00
29,[古典名著], 桃花扇（全本） ,清・孔尚任,2020/6/25 0:00
30,[古典名著], 锦绣衣（全本） ,迷津渡者,2020/7/5 0:00
31,[古典名著], 女仙外史（全… ,清・吕熊,2020/7/6 0:00
32,[古典名著], 警世通言（全… ,明・冯梦龙,2020/6/25 0:00
33,[现代都市], 超能高手在都市 ,落尘,2020/8/5 0:00
34,[现代都市], 宅男的美女房东 ,金银童,2020/12/5 16:32
35,[古典名著], 增广贤文（全… ,清・周希陶,2020/6/25 0:00
36,[古典名著], 金云翘传（全… ,青心才人,2020/7/4 0:00
37,[古典名著], 西厢记（全本） ,元・王实甫,2020/6/25 0:00
38,[古典名著], 人间词话（全… ,清・王国维,2020/6/25 0:00
39,[古典名著], 醒世姻缘传（… ,清・西周生,2020/7/6 0:00
40,[现代都市], 超级美男 ,独牧人,2020/8/1 7:38
41,[古典名著], 大学・中庸（… ,曾参 子思,2020/6/14 0:00
42,[古典名著], 水浒传・上（… ,明・施耐庵,2020/6/19 0:00
43,[古典名著], 东周列国志（… ,明・冯梦龙,2020/6/25 0:00
44,[古典名著], 禅真逸史（全… ,汝浩,2020/7/4 0:00
45,[古典名著], 金刚经（全本） ,后秦・鸠摩罗…,2020/6/15 0:00
46,[古典名著], 聊斋志异（全… ,清・蒲松龄,2020/6/25 0:00
47,[古典名著], 绿野仙踪（全… ,清・李百川,2020/6/25 0:00
48,[武侠仙侠], 山河录 ,北野散人,2020/10/18 10:15
49,[古典名著], 都是幻（全本） ,潇湘迷津渡者,2020/7/5 0:00
50,[古典名著], 西游记・上（… ,明・吴承恩,2020/6/18 0:00
51,[当代文学], 荒原 ,木言,2020/6/12 16:15
52,[古典名著], 浮生六记（全… ,清・沈复,2020/6/25 0:00
53,[古典名著], 吕氏春秋（全… ,战国・吕不韦编,2020/6/25 0:00
54,[现代都市], 第一秘书 ,饥饿的狼,2020/8/19 12:19
55,[古典名著], 喻世明言（全… ,明・冯梦龙,2020/6/15 0:00
56,[古典名著], 笑林广记（全… ,清・游戏主人,2020/6/25 0:00
57,[古典名著], 官场现形记（… ,清・李宝嘉,2020/6/25 0:00
58,[现代都市], 巅峰权贵 ,散心靓意,2020/11/27 0:00
59,[古典名著], 镜花缘（全本） ,清・李汝珍,2020/6/1 0:00
60,[古典名著], 水浒传・中（… ,明・施耐庵,2020/6/19 0:00
61,[古典名著],  蝴蝶媒 （… ,南岳道人,2020/5/27 0:00
62,[古典名著], 水浒传・下（… ,明・施耐庵,2020/6/19 0:00
63,[古典名著], 左传（全本） ,春秋・左丘明,2020/6/25 0:00
64,[古典名著], 初刻拍案惊奇… ,明・凌潆初,2020/6/12 0:00
65,[古典名著], 二刻拍案惊奇… ,凌潆初,2020/6/13 0:00
66,[古典名著], 西游记・中（… ,明・吴承恩,2020/6/18 0:00
67,[古典名著], 韩非子（全本） ,战国・韩非,2020/6/15 0:00
68,[古典名著], 随园诗话（全… ,清・袁枚,2020/6/25 0:00
69,[历史架空], 人性禁岛三：… ,破禁果,2020/3/2 0:00
70,[古典名著], 西游记・下（… ,明・吴承恩,2020/6/18 0:00
71,[古典名著],  花影集 （… ,陶辅,2020/7/1 0:00
72,[古典名著],  燕子笺 （… ,澹园,2020/6/6 0:00
73,[古典名著],  麟儿报 （… ,不题撰人,2020/6/6 0:00
74,[当代文学], 杨花落 ,文刀兰,2020/10/27 13:06
75,[古典名著],  恨海 （全… ,吴趼人,2020/5/22 0:00
76,[古典名著], 列子（全本） ,战国・列御寇,2020/6/25 0:00
77,[现代都市], 金融圈 ,百年老汤,2020/11/1 20:09
78,[历史风云], 太平天国的那… ,盖世无双的侠客,2020/7/20 9:57
79,[古典名著],  幻中游 （… ,步月斋主人,2020/5/27 0:00
80,[古典名著],  咒枣记（全… ,邓志谟,2020/7/23 0:00
81,[现代都市], 刑警荣耀 ,不信天上掉馅饼,2020/10/14 16:06
82,[现代都市], 别无选择 ,一路风尘,2020/12/24 7:08
83,[古典名著], 长生殿（全本） ,洪升,2020/5/31 0:00
84,[现代都市], 金牌销售 ,水煮易经,2020/7/31 21:52
85,[历史架空], 人性禁岛二：… ,破禁果,2020/3/2 0:00
86,[历史风云], 玉堂酱园 ,本命红楼,2020/4/29 22:20
87,[人文], 最强纨绔 ,某晕骱焓,2020/1/27 9:14
88,[历史架空], 大国思维（全… ,王宇,2020/4/13 0:00
89,[青春校园], 往后余生喜欢你 ,小北,2020/7/4 11:10
90,[现代都市], 这个杀手不太… ,眼如丝,2020/12/21 20:37
91,[现代都市], 都市女秘书 ,扶栏凝视你,2020/7/2 14:04
92,[人文], 摇曳的丁香花 ,金焰,2020/11/15 16:52
93,[纪实传记], 小周 ,老张头,2020/4/4 10:18
94,[现代都市], 一度夕阳情 ,霞碧生辉,2020/9/22 11:06
95,[铁血军事], 王牌特卫2 ,梅雨情歌,2020/6/26 0:00
96,[铁血军事], 王牌特卫3 ,梅雨情歌,2020/6/9 0:00
97,[影视娱乐], 卧底藏骄 ,江城言者,2020/3/15 9:33
98,[现代都市], 极盗争锋 ,杜岩松,2020/11/26 9:22
99,[职场商战], 大区经理 ,邓元梅,2020/9/28 0:00
100,[人文], 妻子的绯闻 ,青春是首璀璨…,2020/3/31 0:00
101,[现代都市], 商界巅峰 ,怎么东东,2020/11/27 0:00
102,[铁血军事], 王牌特卫1 ,梅雨情歌,2020/6/9 0:00
103,[职场商战], 碰壁后才洞穿… ,一缕清风12…,2020/5/16 13:54
104,[现代都市], 绝对控股 ,梦幻海滩,2020/10/22 15:41
105,[人文], 《改    … ,茳芏,2020/12/21 0:00
106,[铁血军事], 王牌特卫4 ,梅雨情歌,2020/6/9 0:00
107,[现代都市], 圈套：危情之恋 ,哈利白兔,2020/12/1 13:42
108,[现代都市], 四年一生 ,黄微妮,2020/12/4 16:31
109,[铁血军事], 西路军 ,远方,2020/7/26 10:09
110,[现代都市], 史上最牛山村 ,炊饼哥哥,2020/3/25 0:00
111,[当代文学], 野菜湾的年轻人 ,苏禅,2020/7/31 22:20
112,[言情小说], 奴家不是祸水 ,一缕相思,2020/9/23 0:00
113,[现代都市], 梦归何处 ,申言子,2020/7/4 14:20
114,[人文], 剩女桃花劫 ,青铜城,2020/3/31 0:00
115,[悬疑灵异], 尸香美人 ,南城明月,2020/5/24 15:55
116,[当代文学], 重庆姐妹 ,青瓷瓶,2020/10/15 22:12
117,[现代都市], 歧途：我一生… ,憨子,2020/7/13 9:22
118,[当代文学], 花亦草 ,穆金华,2020/11/13 19:56
119,[现代都市], 嗅出爱 ,部小落,2020/1/1 15:25
120,[现代都市], 色界内外（原… ,金不二,2020/11/4 10:16
121,[纪实传记], 军区大院 ,洪巍,2020/4/7 10:36
122,[生活休闲], 命象神鉴 ,鲁怀安,2020/1/25 10:00
123,[职场商战], 傅记银庄 ,186854…,2020/3/24 17:54
124,[现代都市], 丛林之妖 ,李春,2020/4/2 14:53
125,[现代都市], 最深的水是泪… ,原野.,2020/8/5 15:33
126,[现代都市], 交锋 ,梦幻海滩,2020/8/5 0:00
127,[现代都市], 仕途迷情 ,闷狼独舞,2020/10/9 17:12
128,[都市情感], 玩火[Ⅰ] ,心飞扬1,2020/9/8 20:20
129,[奇幻科幻], 快穿：我不要… ,墨家的喵,2020/12/28 11:21
130,[现代都市], 背后有红颜：… ,红狐狸,2020/9/20 0:00
131,[当代文学], 平凡的中国梦 ,赵铤,2020/10/27 9:12
132,[悬疑灵异], 危险承诺 ,szm靖航,2020/12/27 15:53
133,[当代文学], 人生行 ,王三先,2020/6/24 9:56
134,[生活休闲], 生活那点儿事 ,草堂涂鸦客,2020/11/17 15:21
135,[人文], 今生为你而来 ,红酒,2020/9/17 16:58
136,[人文], 西安没有流苏… ,流苏北宫,2020/11/10 11:30
137,[铁血军事], 我的家在东北 ,实木,2020/4/16 15:03
138,[现代都市], 婚牢：出轨的… ,少年年少,2020/12/4 9:51
139,[悬疑灵异], 罗布泊谜案 ,雨季,2020/6/26 18:50
140,[青春校园], 校园绝品狂神 ,柳江南,2020/1/16 20:07
141,[青春校园], 平凡的逆袭：… ,兰亭绪,2020/3/8 15:12
142,[青春校园], 坏学生的青春… ,时介,2020/7/15 20:24
143,[励志成功], 我成功，因为… ,我的清晨读物,2020/6/4 13:30
144,[武侠仙侠], 无上武帝 ,孤独血狼,2020/8/5 0:00
145,[历史风云], 中华民国演义 ,海洋绿藻,2020/8/3 10:42
146,[现代都市], 暗涌 ,梦幻海滩,2020/10/14 19:03
147,[人文], 初婚 ,露西,2020/10/21 20:22
148,[现代都市], 都市管家 ,三级农工,2020/4/22 12:54
149,[现代都市], 人生如此多娇 ,坐墙等红杏,2020/11/28 0:00
150,[职场商战], 上流 ,粉色老妖,2020/1/13 0:00
151,[纪实传记], 驱胡逐马鏖西北 ,T玉,2020/4/15 8:39
152,[人文], 留守妇女中的… ,秦瘦,
153,[职场商战], 寒露 ,枫林,2020/6/11 15:30
154,[出版读物], 刻骨青春 ,蒹葭,2020/7/26 22:20
155,[现代都市], 我的女神 ,公子舒,2020/7/4 9:30
156,[当代文学], 年馑 ,岐山散人,2020/6/28 9:24
157,[现代都市], 高危恋人 ,jiuxia…,2020/1/19 13:56
158,[都市情感], 雄官漫道 ,孤影烟雾中,2020/6/14 13:57
159,[现代都市], 八字人生 第… ,山高知寒,2020/2/27 17:14
160,[古典名著], 暂译论语 ,谨启,2020/5/14 12:21
161,[职场商战], 婚情缠绵 ,可乐笑汽水,2020/3/2 0:00
162,[现代都市], 扫黄风暴 ,野竹风林,2020/2/23 11:30
163,[人文], 一片天地 ,森林禾木,2020/12/31 11:21
164,[现代都市], 花都美男 ,龙在天,2020/4/22 12:57
165,[现代都市], 豪夺贤妻 ,陌晓基,2020/5/19 0:00
166,[都市情感], 县衙 ,鱼汤1,2020/8/16 17:03
167,[人文], 王俊凯之爱 ,Karr,2020/7/20 0:00
168,[言情小说], 清纯校花爱上我 ,独牧人,2020/12/31 0:00
169,[言情小说], 水岸 ,细兔,2020/7/13 9:36
170,[生活休闲], 日记引领我用… ,留有那份清澈,2020/7/1 11:13
171,[历史架空], 甄家湾情仇 ,唐唐,2020/4/22 12:42
172,[现代都市], 贫贱身子富贵… ,园丁,2020/2/23 18:00
173,[现代都市], 美女老板爱上我 ,孤狼,2020/9/9 7:25
174,[现代都市], 都市焰火 ,红酒,2020/10/31 0:00
175,[历史架空], 赶尸匠 ,茅捷,2020/10/19 0:00
176,[现代都市], 一个程序员的… ,易经生,2020/1/1 22:01
177,[悬疑灵异], 文豪酒店疑案 ,小橘子678,2020/12/20 16:30
178,[现代都市], 极品医官 ,月下和铉,2020/1/26 10:22
179,[现代都市], 烟火红尘 ,空谷幽兰,2020/5/19 8:30
180,[当代文学], 红尘醉 ,岛上礁石,2020/11/24 18:00
181,[历史风云], 舞殇 ,李犁,2020/5/14 3:34
182,[历史风云], 我是一个兵 ,洪魏,2020/11/20 14:21
183,[现代都市], 情陷女老板 ,孤狼,2020/6/8 6:50
184,[现代都市], 国安第一人：… ,梦入禅机,2020/10/20 10:52
185,[人文], 剩女日记 ,祝红伟文学,2020/2/20 0:00
186,[人文], 寻香楼记 ,落雁,2020/2/20 14:39
187,[铁血军事], 红色高墙 ,甜沫不甜,2020/8/8 16:10
188,[纪实传记], 陕北汉子 ,厚土,2020/5/8 11:33
189,[现代都市], 都市微积分 ,霍利群,2020/4/26 18:30
190,[历史架空], 正说三国 ,时间的齿轮,2020/11/28 0:00
191,[现代都市], 伊人如梦 ,手中无剑,2020/9/25 14:03
192,[现代都市], 彪悍人生II… ,刘天军,2020/6/18 16:48
193,[励志成功], 吉布传奇 ,听松斋主人,2020/6/18 23:21
194,[历史架空], 魂系中国篮球… ,凌云,2020/1/9 9:12
195,[现代都市], 幽冥血少 ,冥月孤狼,2020/11/28 0:00
196,[现代都市], 催眠神瞳 ,摘星月,2020/5/25 0:00
197,[现代都市], 痒 ,醉我,2020/5/8 0:00
198,[现代都市], 奈何婚浅情深 ,顾歌,2020/11/26 0:00
199,[现代都市], 情人之死 ,周天亮2,2020/11/27 0:00
200,[言情小说], 傻大兵正传 ,李海年,2020/9/15 16:49
201,[言情小说], 傻大兵正传 ,李海年,2020/9/15 16:49
202,[现代都市], 外星眼 ,文达,2020/10/22 0:00
203,[现代都市], 终极护花妖孽 ,小皇叔,2020/3/5 0:00
204,[人文], 十年前的回忆 ,罪酋,2020/9/1 0:00
205,[人文], 新型冠状病毒… ,周旺,2020/2/1 17:45
206,[奇幻科幻], 寻梦录 ,钱塘四爷,2020/5/19 10:30
207,[现代都市], 中国式退休 ,丁芳,2020/8/31 10:10
208,[历史风云], 权力暗面 ,慕懿赫都,2020/1/8 10:03
209,[影视娱乐], 无双战神 ,剃头的疯子,2020/5/29 16:07
210,[历史风云], 施耐庵与张士诚 ,冠岭望海,2020/7/5 22:10
211,[都市情感], 陷阱 ,邓元梅,2020/9/28 0:00
212,[现代都市], 欲望都市 ,风度依旧,2020/8/13 12:10
213,[言情小说], 我和我的家乡… ,郭伟明,2020/5/7 0:00
214,[都市情感], 秘书 ,风花雪月一,
215,[历史风云], 忠烈王妃古尔… ,宏志远,2020/3/9 17:27
216,[历史架空], 唐僧的隐秘之旅 ,阿丘正传,2020/2/24 13:33
217,[现代都市], 显赫人物 ,江南梅林,2020/10/8 23:12
218,[现代都市],  我救了我的… ,江别,2020/9/16 22:30
219,[奇幻科幻], 断天裂日 ,云傲之,2020/1/24 11:00
220,[历史风云], 丝绸之路： … ,刘斌夫,2020/1/30 20:48
221,[现代都市], 暧昧全才 ,一支烟的快感,2020/9/23 0:00
222,[职场商战], 婚劫 ,独牧人,2020/9/7 0:00
223,[言情小说], 烟雨柳江活色… ,无言独戏清流1,2020/11/15 9:50
224,[生活休闲], 私人教练绝对… ,牧文,2020/7/29 10:48
225,[当代文学], 孤山 ,胡f,2020/3/22 21:03
226,[历史风云], 花男 ,渔歌,2020/5/15 11:51
227,[现代都市], 上海城里的姑… ,文海,2020/8/30 9:54
228,[人文], 原来爱是回不… ,息河,2020/7/4 0:00
229,[现代都市], 都市商路 ,朱冰,2020/9/2 14:40
230,[铁血军事], 明镜 ,幻境真人,2020/3/1 14:42
231,[武侠仙侠], 七生杀豪侠：… ,顾半缘,2020/9/30 20:15
232,[当代文学], 《人生如此灿… ,杨继文,2020/12/28 11:12
233,[人文], 危险关系：婚… ,琵琶仙,2020/8/17 0:00
234,[历史风云], 朱门 （蒋立… ,蒋立周1,2020/10/16 13:33
235,[悬疑灵异], 神棍局特工 ,二维马,2020/8/21 10:30
236,[人文], 腹黑总裁的变… ,云一样的女孩,2020/12/22 11:19
237,[当代文学], 年代与生存 ,zhangm…,2020/8/11 14:36
238,[现代都市], 我和美女校长 ,我叫骁,2020/4/16 8:52
239,[现代都市], 赌局2 ,小军老师,2020/9/19 10:47
240,[现代都市], 十爱不赦 ,空中大鸟,2020/1/10 7:36
241,[现代都市], 超级强少 ,烧刀,2020/3/30 0:51
242,[励志成功], 教育受益者 ,老夫子,2020/10/29 17:39
243,[悬疑灵异], 穿越到名侦探… ,LEO,
244,[教育教辅], 我的非凡留学… ,完颜B,2020/5/15 11:48
245,[历史风云], 斗法 ,sh,2020/5/10 15:33
246,[当代文学], 快刀小六子 ,携风共舞,2020/3/23 0:00
247,[现代都市], 私密记忆 ,醉我,2020/9/23 0:00
248,[现代都市], 争婚：爱上小… ,雪漪澜,2020/11/21 0:00
249,[青春校园], 大学四年，我… ,王建国,2020/7/16 14:21
250,[现代都市], 贴身赤血狂少 ,以辰,2020/3/27 12:53
251,[当代文学], 人生如此灿烂 ,mrsyou…,2020/10/9 15:33
252,[现代都市], 男欢女爱 ,王海鹏,2020/11/11 16:45
253,[言情小说], 斯卡布罗的集市 ,易晴川,2020/5/20 21:11
254,[历史架空], 匹夫无痕 ,嗯哪爵士,2020/2/9 12:00
255,[人文], 白夜短篇小说集 ,白夜98,2020/6/4 11:42
256,[现代都市], 能人王翠芳 ,董三三,2020/7/2 11:10
257,[铁血军事], 人狼共舞 ,洪巍,2020/7/19 14:30
258,[人文], 大龄那点事儿 ,老梁,2020/4/8 0:00
259,[青春校园], 村童 ,江夏笠,2020/1/6 9:24
260,[人文], 草根上位 ,凤凌苑,2020/8/12 8:40
261,[现代都市], 都市尖兵 ,王者至尊,2020/7/2 0:00
262,[历史风云], 东洋尼姑 ,波上舟,2020/10/24 0:00
263,[现代都市], 美女主播的那… ,千帆之后,2020/1/27 20:34
264,[当代文学], 深圳河 ,江上笛声远,2020/1/11 18:09
265,[现代都市], 赌局2 ,小军老师,2020/9/19 10:47
266,[现代都市], 十爱不赦 ,空中大鸟,2020/1/10 7:36
267,[现代都市], 超级强少 ,烧刀,2020/3/30 0:51
268,[励志成功], 教育受益者 ,老夫子,2020/10/29 17:39
269,[悬疑灵异], 穿越到名侦探… ,LEO,
270,[教育教辅], 我的非凡留学… ,完颜B,2020/5/15 11:48
271,[现代都市], 至尊兵王 ,风絮飘扬,2020/3/2 0:00
272,[言情小说], 中国式艺考 ,夏致,2020/4/23 17:39
273,[现代都市], 我的超级姐姐 ,黄羊,2020/10/13 9:31
274,[职场商战], 阿兰的婚姻 ,高山月明,2020/1/24 0:00
275,[人文], 风情依旧 ,吕寒雨,2020/2/29 0:00
276,[现代都市], 与情敌同居 ,方悄悄,2020/6/23 15:45
277,[现代都市], 我和股神的邂逅 ,笑傲江湖,2020/1/6 11:36
278,[都市情感], 一 个 顶 仨 ,欧阳兴邦,2020/7/15 17:24
279,[人文], 玫瑰花儿香 ,四郎达人,2020/11/9 16:04
280,[经管理财], 窥破天道 ,和光同尘真人,
281,[历史风云], 昨日风云 ,天山.1,2020/4/27 22:12
282,[人文], 我身体里的陌… ,迟若言,2020/7/28 20:54
283,[言情小说], 青螺镇 ,干将,2020/10/11 19:30
284,[现代都市], 无欢之痒 ,醉我,2020/11/9 0:00
285,[现代都市], 现代仕途也修仙 ,人不坏,2020/11/28 0:00
286,[现代都市], 股市游侠录 ,秋日 阳光,2020/11/28 0:00
287,[现代都市], 复仇计划 ,胡f,2020/1/26 11:36
288,[青春校园], 璃爱 ,罂花粟,2020/8/10 22:12
289,[当代文学], 谁荒芜了我们… ,独立荒原,2020/12/4 22:33
290,[人文], 诱爱贪欢：婚… ,一心一翼,2020/11/12 8:17
291,[历史架空], 真实讲述--… ,漫天阳光,2020/10/7 0:00
292,[纪实传记], 同窗旧事 ,树荫底下,2020/2/22 14:18
293,[人文], 村霸 ,山村大学生村官,2020/2/2 11:11
294,[言情小说], 女医倾城 ,梦璃骅,2020/4/4 0:00
295,[现代都市], 《漂亮女医生… ,蓝箐,2020/3/20 16:23
296,[励志成功], 风雪路漫漫 ,得午,2020/4/19 11:33
297,[人文], 冷暴力俱乐部 ,大帅福金,2020/1/21 0:00
298,[人文], 感情的沸点之… ,吕寒雨,2020/6/6 1:31
299,[纪实传记], 尘封的回忆 ,郭家英1,2020/7/10 14:09
300,[历史风云], 契丹是一条大河 ,一玫树叶,2020/5/4 18:20
301,[青春校园], 乡村角落依然… ,涧水,2020/6/14 10:03
302,[当代文学], 《心眼●形态… ,OK庞风雨,2020/10/31 10:36
303,[人文], 续城之半生浮图 ,浅浅烟花渐迷离,2020/8/5 0:00
304,[历史架空], 芈月传 ,吴韵汐,2020/6/18 16:56
305,[现代都市], 医道天才在都市 ,柳行,2020/3/2 0:00
306,[现代都市], 布衣天王 ,之南,2020/10/11 12:33
307,[纪实传记], 雪岭 ,李晋2018,2020/3/28 14:00
308,[青春校园], 那些年，正青春 ,唐三乐,
309,[言情小说], 霸道校草的可… ,Emily,2020/6/5 0:00
310,[言情小说], 复仇少女 ,柳樱梦笙,2020/10/6 0:00
311,[现代都市], 至尊兵王 ,风絮飘扬,2020/3/2 0:00
312,[言情小说], 中国式艺考 ,夏致,2020/4/23 17:39
313,[职场商战], 阿兰的婚姻 ,高山月明,2020/1/24 0:00
314,[人文], 风情依旧 ,吕寒雨,2020/2/29 0:00
315,[现代都市], 我的超级姐姐 ,黄羊,2020/10/13 9:31
316,[现代都市], 与情敌同居 ,方悄悄,2020/6/23 15:45
317,[现代都市], 我和股神的邂逅 ,笑傲江湖,2020/1/6 11:36
318,[都市情感], 一 个 顶 仨 ,欧阳兴邦,2020/7/15 17:24
319,[人文], 玫瑰花儿香 ,四郎达人,2020/11/9 16:04
320,[历史风云], 昨日风云 ,天山.1,2020/4/27 22:12
321,[人文], 我身体里的陌… ,迟若言,2020/7/28 20:54
322,[言情小说], 青螺镇 ,干将,2020/10/11 19:30
323,[经管理财], 窥破天道 ,和光同尘真人,
324,[现代都市], 现代仕途也修仙 ,人不坏,2020/11/28 0:00
325,[现代都市], 无欢之痒 ,醉我,2020/11/9 0:00
326,[生活休闲], 娘 ,子沐,2020/10/12 18:06
327,[当代文学], 挖宝少女 ,哈笔名,2020/7/17 10:24
328,[人文], 梦中的婚礼 ,蓝色星空,2020/11/14 17:36
329,[现代都市], 影帝是怎样炼… ,楚天歌,2020/12/2 21:45
330,[纪实传记], 陆良赶马调 ,龙海孤魂,2020/8/2 14:30
331,[纪实传记], 筑梦阳光 ,谷半川,2020/8/14 14:01
332,[青春校园], 国民系初恋 ,小北,2020/10/14 14:10
333,[生活休闲], 二根再遇真爱 ,水墨客,2020/9/25 10:42
334,[职场商战], 和俊男同居的… ,兮同,2020/1/13 0:00
335,[言情小说], 惊世萌妃 ,冷阳,2020/2/26 0:00
336,[现代都市], 雇佣兵王护花记 ,喜欢妖精,2020/7/11 13:05
337,[职场商战], 泡沫 ,陈心声,2020/10/10 22:51
338,[人文], 我的非常总裁 ,刘小殊,2020/9/15 14:18
339,[言情小说], 嫡宠傻妃 ,岚仙,2020/2/26 0:00
340,[言情小说], 醉梦长河 ,xiangx…,2020/3/8 9:30
341,[人文], 邂逅前任的苏… ,时七,2020/12/18 12:05
342,[言情小说], 许你倾城一诺 ,陌名其妙,2020/5/8 0:00
343,[现代都市], 罪恶学院 ,风凌少,2020/10/15 0:00
344,[历史风云], 盖世项羽 ,未雅散人,2020/3/13 10:54
345,[现代都市], 欲壑难填 ,何理,2020/6/30 18:55
346,[当代文学], 送我到仇人的… ,东西111,2020/6/22 16:15
347,[当代文学], 邪恶 ,元一文化,2020/7/24 17:48
348,[当代文学], 大潮汕 ,单丁,2020/3/18 22:30
349,[历史架空], 摸着胸口，忆… ,S莺~yy,2020/4/9 0:00
350,[励志成功], 《爱你一世一… ,我是刘邦,2020/3/14 10:49
351,[生活休闲], 关于重庆的几… ,山居,2020/1/3 20:42
352,[励志成功], 山乡新儿女 ,zhou86…,2020/9/8 10:42
353,[职场商战], 爱情未满 ,十二夜梦,2020/1/13 0:00
354,[人文], 绝味小辣妻 ,子水淼淼,2020/7/18 20:06
355,[现代都市], 无良小保安 ,樵夫,2020/11/27 0:00
356,[当代文学], 桂花缘 ,冰雪2016,2020/3/27 0:00
357,[当代文学], 东莞情书 ,沙牛,2020/10/23 9:24
358,[教育教辅], 心灵的对话 … ,无空,2020/9/7 17:57
359,[人文], 命运三部曲・… ,第九盼爷,2020/11/6 0:00
360,[人文], 丶丿花树下 ,文淑作品,2020/10/21 8:40
361,[历史架空], 90年的青春 ,墨染尘,2020/10/22 21:05
362,[武侠仙侠], 灵仙・心舞蝶恋 ,千兴言,2020/10/5 0:00
363,[现代都市], 离天堂最近的… ,秋珂,2020/9/6 14:03
364,[职场商战], 爱上单细胞男人 ,慕起起,2020/1/13 0:00
365,[当代文学], 女兵方芳（小… ,乡村作家,2020/4/9 0:00
366,[当代文学], 尘世悲欢 ,沙牛,2020/9/20 21:51
367,[历史架空], 绝代双姝：林… ,眷尔,2020/7/18 0:00
368,[历史架空], 粉红女官 ,沙牛,2020/9/20 21:47
369,[铁血军事], 青春无名 ,雪原1,2020/6/27 16:06
370,[励志成功], 美好人生 ,泗水滨,2020/12/29 13:48
371,[当代文学], 时代与灵魂 ,北海,2020/1/11 0:00
372,[人文], 姐姐，我爱你 ,青青,2020/12/20 0:00
373,[人文], 秋色 ,马添翼,2020/5/10 0:00
374,[纪实传记], 敲榨高手 ,David …,2020/1/24 0:00
375,[纪实传记], 林肯传 ,（美）戴尔.…,2020/6/19 10:32
376,[历史风云], 谍海风流 ,余歌　,2020/10/13 19:10
377,[职场商战], 谁才是打工皇帝 ,毛仁,2020/9/26 16:45
378,[人文], 老爸的苦难情人 ,桀骜的蓝,2020/1/31 0:00
379,[人文], 我的三年 ,老陌的天空,2020/1/23 11:41
380,[人文], 胡可可寻芳记 ,吕寒雨,2020/6/1 1:08
381,[人文], 幽篁絮语（短… ,啸天,2020/3/23 0:00
382,[言情小说], 叔叔，小心我… ,花安夏,2020/11/29 0:00
383,[言情小说], 拒嫁豪门：霸… ,落凝霜,2020/10/30 0:00
384,[现代都市], 护花神探 ,醉我,2020/11/14 16:56
385,[纪实传记], 寻找时光中的你 ,女子依亭,2020/7/9 18:18
386,[铁血军事], *与狼共舞 ,洪巍,2020/5/10 16:09
387,[影视娱乐], 假面娇妻 ,月半,2020/12/25 11:22
388,[都市情感], 老裴手记 ,鱼汤1,
389,[现代都市], 警中叙事 ,三夷竹,2020/1/30 0:00
390,[生活休闲], 娘 ,子沐,2020/10/12 18:06
391,[当代文学], 挖宝少女 ,哈笔名,2020/7/17 10:24
392,[人文], 梦中的婚礼 ,蓝色星空,2020/11/14 17:36
393,[现代都市], 影帝是怎样炼… ,楚天歌,2020/12/2 21:45
394,[纪实传记], 陆良赶马调 ,龙海孤魂,2020/8/2 14:30
395,[纪实传记], 筑梦阳光 ,谷半川,2020/8/14 14:01
396,[青春校园], 国民系初恋 ,小北,2020/10/14 14:10
397,[生活休闲], 二根再遇真爱 ,水墨客,2020/9/25 10:42
398,[职场商战], 和俊男同居的… ,兮同,2020/1/13 0:00
399,[言情小说], 惊世萌妃 ,冷阳,2020/2/26 0:00
400,[现代都市], 雇佣兵王护花记 ,喜欢妖精,2020/7/11 13:05
401,[现代都市], 天翻地覆六十… ,蓟州孟凡生,2020/6/16 10:34
402,[现代都市], 都市之医仙传奇 ,独木桥,2020/8/8 16:59
403,[历史风云], 热血江湖雄九洲 ,袁保卫,2020/6/11 15:21
404,[人文], 你的眼睛很美… ,忆秋凌,2020/8/27 0:00
405,[人文], 赎知你心 ,舍予,2020/9/26 0:00
406,[人文], 只对你有感觉 ,猜丁壳,2020/4/20 15:00
407,[历史架空], 《玫瑰皇后―… ,盈小蝶,2020/3/25 0:00
408,[奇幻科幻], 未来郊区（雪… ,唯伊,2020/2/8 15:06
409,[奇幻科幻], 全灵人 ,公阅休,2020/2/6 11:48
410,[现代都市], 超级富二代 ,老衲是法海,2020/1/25 9:56
411,[现代都市], 鬼才心计 ,清风皓月,2020/12/29 10:27
412,[纪实传记], 客死他乡的女人 ,西门东方,2020/12/21 9:30
413,[当代文学], 很高兴你来，… ,魏钰清,2020/7/24 0:00
414,[当代文学], 《今生》风雨… ,燕子秋韵,2020/9/28 0:00
415,[当代文学], 湖湘人 ,梦恒,2020/1/25 18:18
416,[人文], 点名册 ,文和尚,2020/10/24 0:00
417,[言情小说], 腹黑总裁太霸道 ,斗斗飞,2020/8/13 0:00
418,[言情小说], 雨天路遇 ,坚雄,2020/6/23 2:36
419,[奇幻科幻], 午夜疯狂游乐场 ,唯伊,2020/2/9 10:03
420,[纪实传记], 3.5个女人 ,银杏树1,2020/1/14 9:48
421,[励志成功], 乡村爱情 ,杨秀清,2020/9/26 14:03
422,[职场商战], 婚成勿扰 ,子月,2020/1/13 0:00
423,[都市情感], 非正规的审讯… ,沧子君,2020/5/8 10:06
424,[人文], 都市逍遥 ,桑丘之鹤,2020/4/26 14:45
425,[人文], 缘来是你 ,舍予,2020/5/6 0:00
426,[言情小说], 再见爱Goo… ,安妮爱你520,2020/4/25 0:00
427,[武侠仙侠], 非凡道 ,雾隐鬼人,2020/12/24 15:54
428,[现代都市], 前妻的隐秘日记 ,不吃相应,2020/11/9 18:21
429,[现代都市], 首富罪与罚 ,不灭江南,2020/12/5 15:57
430,[现代都市], 神狱龙皇 ,落花非烟,2020/12/22 15:18
431,[现代都市], 黑色郁金香 ,左岸1,2020/5/22 8:27
432,[纪实传记], 草根春秋 ,草根练剑,
433,[青春校园], 比我小的小孩 ,谋眼强军奔现代,2020/7/19 9:30
434,[当代文学], 我的土匪父亲 ,186854…,2020/3/24 16:00
435,[当代文学], 红衣裳 俏姑… ,秦风,2020/3/7 18:03
436,[人文], 草根色空传 ,王秀堂,2020/8/1 0:00
437,[人文], 回响的汽笛声 ,当爱走远,2020/8/28 0:00
438,[言情小说], 宅姬 ,粉色老妖,2020/9/23 0:00
439,[历史架空], 快穿：攻略为… ,六月初夏,2020/10/30 9:09
440,[奇幻科幻], 星战联盟 ,小川小云,2020/8/31 9:21
441,[武侠仙侠], 但还是错了 ,这不是个白医生,
442,[现代都市], 神医小子混都市 ,破茧成蝶,2020/10/24 0:00
443,[生活休闲], 二姨 ,海力,2020/8/9 18:15
444,[当代文学], 醉酒（小小说） ,乡村作家,2020/4/9 0:00
445,[当代文学], 大车行 ,唐胖子,2020/4/30 10:54
446,[当代文学], 红色通缉令之… ,北方的苍狼,2020/10/2 14:09
447,[影视娱乐], ”非常“笨探 ,李春炜1,2020/9/16 18:06
448,[人文], 你是我不能说… ,文安初心忆故人,2020/3/31 0:00
449,[人文], 大学：社会的… ,聂凯,2020/11/17 19:23
450,[人文], 垄上行 ,半生倾城,2020/2/5 19:09
451,[现代都市], 末世龙皇 ,猫灵,2020/1/13 0:00
452,[历史风云], 帝女传之千金… ,夏雨的韵味,2020/4/12 13:39
453,[生活休闲], 舞动的心弦 ,高头1,2020/1/3 14:54
454,[励志成功], 飘向中蓝海的云 ,毛长西,2020/7/1 21:45
455,[职场商战], 情陷99分女人 ,沐月草,2020/1/13 0:00
456,[当代文学], 黎明之战 ,枪憋在腰间,2020/3/25 0:00
457,[当代文学], 乡镇佳人 ,沙牛,2020/9/20 23:14
458,[人文], 首席的独宠辣妻 ,麻辣逗花,2020/8/14 20:05
459,[言情小说], 总裁大人请滚开 ,妖小金,2020/2/21 0:00
460,[武侠仙侠], 东洲纪 ,冰糖橙,2020/7/20 9:24
461,[现代都市], 鬼才心计 ,清风皓月,2020/12/29 10:27
462,[纪实传记], 客死他乡的女人 ,西门东方,2020/12/21 9:30
463,[当代文学], 很高兴你来，… ,魏钰清,2020/7/24 0:00
464,[当代文学], 《今生》风雨… ,燕子秋韵,2020/9/28 0:00
465,[当代文学], 湖湘人 ,梦恒,2020/1/25 18:18
466,[人文], 点名册 ,文和尚,2020/10/24 0:00
467,[言情小说], 腹黑总裁太霸道 ,斗斗飞,2020/8/13 0:00
468,[言情小说], 雨天路遇 ,坚雄,2020/6/23 2:36
469,[历史架空], 《玫瑰皇后―… ,盈小蝶,2020/3/25 0:00
470,[奇幻科幻], 未来郊区（雪… ,唯伊,2020/2/8 15:06
471,[奇幻科幻], 全灵人 ,公阅休,2020/2/6 11:48
472,[现代都市], 超级富二代 ,老衲是法海,2020/1/25 9:56
473,[纪实传记], 3.5个女人 ,银杏树1,2020/1/14 9:48
474,[励志成功], 乡村爱情 ,杨秀清,2020/9/26 14:03
475,[职场商战], 婚成勿扰 ,子月,2020/1/13 0:00
476,[都市情感], 非正规的审讯… ,沧子君,2020/5/8 10:06
477,[人文], 都市逍遥 ,桑丘之鹤,2020/4/26 14:45
478,[人文], 缘来是你 ,舍予,2020/5/6 0:00
479,[言情小说], 再见爱Goo… ,安妮爱你520,2020/4/25 0:00
480,[奇幻科幻], 午夜疯狂游乐场 ,唯伊,2020/2/9 10:03
481,[现代都市], 神狱龙皇 ,落花非烟,2020/12/22 15:18
482,[现代都市], 黑色郁金香 ,左岸1,2020/5/22 8:27
483,[纪实传记], 草根春秋 ,草根练剑,
484,[青春校园], 比我小的小孩 ,谋眼强军奔现代,2020/7/19 9:30
485,[当代文学], 我的土匪父亲 ,186854…,2020/3/24 16:00
486,[当代文学], 红衣裳 俏姑… ,秦风,2020/3/7 18:03
487,[人文], 草根色空传 ,王秀堂,2020/8/1 0:00
488,[人文], 回响的汽笛声 ,当爱走远,2020/8/28 0:00
489,[言情小说], 宅姬 ,粉色老妖,2020/9/23 0:00
490,[武侠仙侠], 非凡道 ,雾隐鬼人,2020/12/24 15:54
491,[现代都市], 前妻的隐秘日记 ,不吃相应,2020/11/9 18:21
492,[现代都市], 首富罪与罚 ,不灭江南,2020/12/5 15:57
493,[现代都市], 神医小子混都市 ,破茧成蝶,2020/10/24 0:00
494,[生活休闲], 二姨 ,海力,2020/8/9 18:15
495,[当代文学], 醉酒（小小说） ,乡村作家,2020/4/9 0:00
496,[当代文学], 大车行 ,唐胖子,2020/4/30 10:54
497,[当代文学], 红色通缉令之… ,北方的苍狼,2020/10/2 14:09
498,[影视娱乐], ”非常“笨探 ,李春炜1,2020/9/16 18:06
499,[人文], 你是我不能说… ,文安初心忆故人,2020/3/31 0:00
500,[人文], 大学：社会的… ,聂凯,2020/11/17 19:23
501,[当代文学], 很高兴你来，… ,魏钰清,2020/7/24 0:00
502,[当代文学], 《今生》风雨… ,燕子秋韵,2020/9/28 0:00
503,[当代文学], 湖湘人 ,梦恒,2020/1/25 18:18
504,[人文], 点名册 ,文和尚,2020/10/24 0:00
505,[言情小说], 腹黑总裁太霸道 ,斗斗飞,2020/8/13 0:00
506,[言情小说], 雨天路遇 ,坚雄,2020/6/23 2:36
507,[历史架空], 《玫瑰皇后―… ,盈小蝶,2020/3/25 0:00
508,[奇幻科幻], 未来郊区（雪… ,唯伊,2020/2/8 15:06
509,[奇幻科幻], 全灵人 ,公阅休,2020/2/6 11:48
510,[现代都市], 超级富二代 ,老衲是法海,2020/1/25 9:56
511,[纪实传记], 3.5个女人 ,银杏树1,2020/1/14 9:48
512,[励志成功], 乡村爱情 ,杨秀清,2020/9/26 14:03
513,[职场商战], 婚成勿扰 ,子月,2020/1/13 0:00
514,[都市情感], 非正规的审讯… ,沧子君,2020/5/8 10:06
515,[人文], 都市逍遥 ,桑丘之鹤,2020/4/26 14:45
516,[人文], 缘来是你 ,舍予,2020/5/6 0:00
517,[言情小说], 再见爱Goo… ,安妮爱你520,2020/4/25 0:00
518,[奇幻科幻], 午夜疯狂游乐场 ,唯伊,2020/2/9 10:03
519,[现代都市], 黑色郁金香 ,左岸1,2020/5/22 8:27
520,[纪实传记], 草根春秋 ,草根练剑,
521,[青春校园], 比我小的小孩 ,谋眼强军奔现代,2020/7/19 9:30
522,[当代文学], 我的土匪父亲 ,186854…,2020/3/24 16:00
523,[当代文学], 红衣裳 俏姑… ,秦风,2020/3/7 18:03
524,[人文], 草根色空传 ,王秀堂,2020/8/1 0:00
525,[人文], 回响的汽笛声 ,当爱走远,2020/8/28 0:00
526,[言情小说], 宅姬 ,粉色老妖,2020/9/23 0:00
527,[武侠仙侠], 非凡道 ,雾隐鬼人,2020/12/24 15:54
528,[现代都市], 前妻的隐秘日记 ,不吃相应,2020/11/9 18:21
529,[现代都市], 首富罪与罚 ,不灭江南,2020/12/5 15:57
530,[现代都市], 神狱龙皇 ,落花非烟,2020/12/22 15:18
531,[生活休闲], 二姨 ,海力,2020/8/9 18:15
532,[当代文学], 醉酒（小小说） ,乡村作家,2020/4/9 0:00
533,[当代文学], 大车行 ,唐胖子,2020/4/30 10:54
534,[当代文学], 红色通缉令之… ,北方的苍狼,2020/10/2 14:09
535,[影视娱乐], ”非常“笨探 ,李春炜1,2020/9/16 18:06
536,[人文], 你是我不能说… ,文安初心忆故人,2020/3/31 0:00
537,[人文], 大学：社会的… ,聂凯,2020/11/17 19:23
538,[人文], 垄上行 ,半生倾城,2020/2/5 19:09
539,[人文], 周末小红娘 ,兔子先生,2020/8/31 0:00
540,[言情小说], 玩人的爱 ,傻瓜加笨蛋等…,2020/5/26 0:00
541,[言情小说], 开   荒 ,如果也许,2020/4/7 17:40
542,[历史架空], 快穿：攻略为… ,六月初夏,2020/10/30 9:09
543,[奇幻科幻], 星战联盟 ,小川小云,2020/8/31 9:21
544,[武侠仙侠], 但还是错了 ,这不是个白医生,
545,[现代都市], 神医小子混都市 ,破茧成蝶,2020/10/24 0:00
546,[现代都市], 柠檬酸 ,无题,2020/9/29 14:12
547,[现代都市], 一个假设的幸福 ,如果也许,2020/4/7 13:40
548,[青春校园], 可爱/天使诺言 ,穆若雯,2020/4/30 18:45
549,[青春校园], 平行线 ,十年相伴,2020/11/10 18:09
550,[职场商战], 爱让我们无处… ,兮同,2020/1/13 0:00
551,[现代都市], 一声叹息 ,刘芬,2020/10/26 18:21
552,[现代都市], 荷花厅11 号 ,听雨客,2020/1/11 18:09
553,[纪实传记], 铁马雕戈将军… ,谋眼强军奔现代,2020/7/11 9:48
554,[历史风云], 百年烟云 ,段奇,2020/10/11 9:18
555,[铁血军事], 空中殖民地 ,黄祖平,2020/6/4 13:57
556,[职场商战], 别把腹黑不当… ,果冻三千,2020/5/8 0:00
557,[人文], 冰凌花 ,炊烟袅袅,2020/1/10 0:00
558,[言情小说], 天青色的爱情 ,笔墨春秋,2020/9/14 0:00
559,[言情小说], 卑爱 ,一半白,2020/9/6 0:00
560,[历史架空], 寻宝 ,邹义椿,2020/5/20 0:00
561,[奇幻科幻], 水龙吟浴火重生 ,林夕之风,2020/6/14 21:30
562,[现代都市], 豪门霸宠：军… ,浅子汐,2020/6/3 0:00
563,[当代文学], 林枫叹 ,雨季,2020/8/18 17:42
564,[当代文学], 逆子 ,凌遥,2020/7/20 20:30
565,[都市情感], 《悄然飘落》 ,wcx8,2020/11/10 17:54
566,[人文], 同安堂 ,北帝南望,2020/2/1 17:52
567,[人文], 野有蔓草。 ,寸草稀,2020/6/3 0:00
568,[人文], 独处 ,白面书生,2020/9/7 0:00
569,[言情小说], 季花落 ,秋举默,2020/1/12 0:00
570,[言情小说], 穿越倾城公主… ,灵小爱,2020/4/5 10:15
571,[奇幻科幻], 人类起源传奇 ,无意或者四都…,2020/7/13 9:12
572,[武侠仙侠], 大唐麻衣仙姑… ,吕世宏,2020/10/30 9:03
573,[现代都市], 流浪的杀手 ,幕前人偶,2020/3/31 14:14
574,[现代都市], 荡千秋的男人… ,双子星将军,2020/9/26 0:00
575,[纪实传记], 血矛血盾 ,王增骅,
576,[纪实传记], 特工毕业证 ,王工欲郡,2020/9/5 9:39
577,[历史风云], 朝歌倾城 ,,2020/10/31 9:12
578,[生活休闲], 穆清风小品曹… ,穆风,2020/10/23 14:57
579,[当代文学], 小丫头 ,婷,2020/11/2 15:48
580,[当代文学], 初 ,石耳三,2020/12/11 19:12
581,[人文], 三凤奇缘 ,汝玉,2020/1/9 9:02
582,[人文], 玉梦情殇 ,冰阳,2020/10/4 0:00
583,[言情小说], 祸水女人 ,邓元梅,2020/9/28 0:00
584,[言情小说], 泡沫青春 ,幽蓝天,2020/1/26 22:40
585,[历史架空], “红楼梦”究… ,守拙田园,2020/1/27 10:33
586,[武侠仙侠],  饮冰夜谭之… ,归来倦客,2020/2/5 14:24
587,[现代都市], 恋上离婚大叔… ,风中的芦苇,2020/8/11 18:40
588,[现代都市], 寻花问柳 ,山村大学生村官,2020/10/4 21:14
589,[现代都市], 最强相师3 ,罗晓,2020/3/2 0:00
590,[青春校园], 爱的涅 ,莲子,2020/3/20 10:36
591,[铁血军事], 三岔河的爷们 ,刘博文,2020/11/22 9:24
592,[当代文学], 百草河 ,空山野叟,2020/12/19 19:51
593,[人文], 旷世孽缘 ,周碧华,2020/5/29 9:01
594,[人文], 先婚厚爱，我… ,九公主万福,2020/5/28 0:00
595,[人文], 西北风没有眼泪 ,夏唯沫,2020/1/31 0:00
596,[人文], 穿越时空爱上你 ,千妖墨,2020/4/16 0:00
597,[言情小说], 恋上首席大人 ,沼泽鸢尾,2020/12/26 10:46
598,[历史架空],3020306,王老歪,2020/12/15 8:32
599,[武侠仙侠], 异世轻歌 ,h婷馨彤,
600,[现代都市], 职场突击 ,浓情咖啡,2020/1/13 0:00
601,[历史架空], 上帝指使 ,上帝指使,2020/6/20 0:00
602,[武侠仙侠], 多少楼台风雨中 ,春水如蓝,2020/12/23 10:09
603,[现代都市], 都市绝品枭雄 ,可口不可乐,2020/3/2 0:00
604,[现代都市], 按摩圈那些事 ,杨欢畅,2020/6/22 0:00
605,[现代都市], 锦世豪门 ,姜黑黑,2020/8/24 17:25
606,[现代都市], 女友叫我去捉鬼 ,激逆,2020/8/9 11:27
607,[纪实传记], 选举 ,凌波仙子,
608,[悬疑灵异], 异灵 ,豆沙派,
609,[生活休闲], 荔枝赋 ,芳汀,
610,[生活休闲], 纸质关系 ,十三七,2020/8/23 14:12
611,[当代文学], 老巷子 ,范二青年范小饭,2020/1/4 0:00
612,[当代文学], 久违 ,卷耳,2020/8/15 0:00
613,[当代文学], 小牮诗歌精选… ,赤诚众 （小…,2020/6/12 9:48
614,[当代文学], 卧龙寨 ,你家隔壁大老王,2020/10/23 9:48
615,[人文], 天堂太远，人… ,怜心依然,2020/8/5 0:00
616,[人文], 在那河流的交… ,薛轶君,2020/10/25 20:45
617,[人文], 似是故人来 ,萧筱晗,2020/9/18 0:00
618,[言情小说], 蜜宠亿万娇妻 ,迷一样,2020/8/13 0:00
619,[言情小说], 爱，曾经那么重 ,林陆,
620,[言情小说], 何坚雄短篇小… ,坚雄,
621,[历史架空], 给我生命的人… ,聂延力,2020/2/8 21:48
622,[奇幻科幻], 血染彼岸海（… ,唯伊,2020/2/11 13:36
623,[奇幻科幻], 神运 ,天道逍遥,2020/7/28 10:20
624,[武侠仙侠], 青云剑 ,陇毓,2020/1/28 9:48
625,[现代都市], 是谁负了谁的… ,沈如斯,2020/5/8 0:00
626,[现代都市], 天才杀手 ,暗紫郁金香,2020/11/28 0:00
627,[现代都市], 跨界保镖 ,甜甜码字,2020/3/26 0:00
628,[现代都市], 御姐传 ,浅秋丶丶,2020/3/2 0:00
629,[现代都市], 懒猫咖啡 ,杨欢畅,2020/12/11 14:03
630,[纪实传记], 小街小巷小楼… ,鹿城燕人,2020/1/8 17:48
631,[青春校园], 暗恋的109… ,周小团1,2020/7/14 10:21
632,[历史风云], 戏剧《成都-… ,山居,2020/5/14 17:42
633,[铁血军事], 硝烟深处 ,金钩渔郎,
634,[生活休闲], 踏荒诗文随笔 ,踏荒人,
635,[励志成功], 乡村爱情（修… ,杨秀清,2020/10/16 18:06
636,[职场商战], 宝贝甜妻AA制 ,草莓青青,2020/3/2 0:00
637,[当代文学], 能源开拓者 ,蓝游将军,2020/1/9 0:00
638,[当代文学], 免费微电影之… ,宿亿琴,2020/8/12 0:00
639,[当代文学], 走社会 ,春华秋实,2020/10/8 0:00
640,[当代文学], 慢慢走，欣赏啊 ,朱光潜,2020/6/19 11:44
641,[人文], 男人迷情 ,夜色如画,2020/9/2 6:14
642,[人文], 有种后宫叫德妃 ,阿琐,2020/4/24 16:11
643,[人文], 恶魔总裁的绝… ,徐家JJ,2020/5/6 0:00
644,[人文], 头条隐婚枕上宠 ,韩小七,2020/10/13 0:00
645,[人文], 孤岛危情 ,明坤,
646,[言情小说], 别拿爱情耍花样 ,陌名其妙,2020/5/8 0:00
647,[言情小说], 丹青物语 ,姚公子,2020/2/8 16:00
648,[历史架空], 异界魔君（一） ,雨少,2020/7/7 0:00
649,[历史架空], 时过境迁 ,献文,2020/10/17 9:51
650,[现代都市], 踏进门槛才进家 ,飞翔的大鹏,2020/3/21 22:30
651,[言情小说], 饰叶云城 ,锦星萌,2020/10/26 0:00
652,[言情小说], 遇见满城花开 ,时靡,2020/1/26 17:51
653,[历史架空], 时空魔镜 ,狄立新,2020/11/24 16:58
654,[奇幻科幻], 老河口传奇 ,林若含,
655,[武侠仙侠], 踏血寻梅 ,王纳雅,2020/8/31 9:21
656,[现代都市], 美男混都市 ,包工头子,2020/9/30 22:12
657,[现代都市], 尊严下的悲哀 ,尊严下的悲哀,2020/11/28 0:00
658,[现代都市], 女性的柔情 ,沧子君,2020/5/2 14:27
659,[悬疑灵异], 迷之幻夜 ,曼伊尔,
660,[职场商战], 爱，死而后生 ,她雪,2020/5/8 0:00
661,[职场商战], 天婚地爱 ,景汐,2020/1/13 0:00
662,[当代文学], 守门人 ,荔叶,2020/7/8 17:44
663,[当代文学], 奶米 ,杜Y,2020/10/11 22:36
664,[当代文学], 童年 ,东海,2020/1/14 9:54
665,[人文], 消失的天堂 ,张艺典,2020/11/9 22:19
666,[言情小说], 你的地老，我… ,墨瑾,2020/5/8 0:00
667,[历史架空], 琢磨传 ,柳叶衣,
668,[现代都市], 桃运邪医 ,龙的传人,2020/7/14 0:00
669,[现代都市], 护花高手：攀… ,野林,2020/4/3 9:54
670,[现代都市], 黑道巅峰 ,无妄虫灾,2020/11/28 0:00
671,[现代都市], 都市傲皇 ,残刀,2020/11/28 0:00
672,[现代都市], 都市之孽龙升天 ,断章,2020/3/23 0:00
673,[现代都市], 未来记忆 ,来自第四维,2020/9/18 0:00
674,[铁血军事], 断续的胶片 ,刘亦璋,
675,[生活休闲], 穿越灵树线 ,箱叔,2020/1/8 17:48
676,[当代文学], 贺兰山日记 ,王青,2020/7/22 0:00
677,[当代文学], 运河组诗 ,陈跃、顾坚,2020/2/7 10:00
678,[当代文学], 云淡风轻 ,灵遁者1,2020/7/5 23:10
679,[言情小说], 灰色丛林 ,周晓波,2020/9/28 10:58
680,[历史架空], 氤氲长安 ,扶摇辞玉,2020/7/6 17:36
681,[奇幻科幻], 迷镜花树 ,火舞青风,2020/3/15 10:06
682,[现代都市], 逍遥小厂长 ,山中玉,2020/7/24 17:29
683,[现代都市], 校花的超级保镖 ,易铭宇,2020/6/12 9:02
684,[现代都市], 家族荣耀 ,人余正文,2020/8/9 11:23
685,[当代文学], 湘西最后一个… ,石清洲,2020/3/11 12:21
686,[当代文学], 21世纪流浪记 ,艺亩田,2020/8/23 14:36
687,[当代文学], 把想念汇成一… ,志凌,2020/8/30 18:12
688,[人文], 渐行渐远 ,叶互生,2020/9/14 0:00
689,[历史架空], 情书，你可知道 ,傻瓜加笨蛋等…,2020/7/9 0:00
690,[武侠仙侠], 秋月春风 ,邱羿评,2020/9/2 23:18
691,[现代都市], 绝世特工 ,齿牙,2020/11/28 0:00
692,[现代都市], 最强贴身兵王 ,五哥羊羊,2020/2/10 0:00
693,[现代都市], 按摩圈那些事 ,杨欢畅,2020/6/22 0:00
694,[现代都市], 锦世豪门 ,姜黑黑,2020/8/24 17:25
695,[现代都市], 女友叫我去捉鬼 ,激逆,2020/8/9 11:27
696,[纪实传记], 选举 ,凌波仙子,
697,[悬疑灵异], 异灵 ,豆沙派,
698,[生活休闲], 荔枝赋 ,芳汀,
699,[生活休闲], 纸质关系 ,十三七,2020/8/23 14:12
700,[当代文学], 老巷子 ,范二青年范小饭,2020/1/4 0:00
701,[言情小说], 我的三个太阳… ,产子1,
702,[历史架空], 第十二夜2：… ,璇儿,2020/10/19 0:00
703,[历史架空], 二十年回忆录 ,流浪的猫,2020/10/11 0:00
704,[奇幻科幻], 罗布泊之谜 ,一珲,2020/11/30 18:15
705,[现代都市], 我们终将学会… ,贺木兰子,2020/8/16 18:30
706,[现代都市], 那年三十岁 ,柳无风,2020/11/28 0:00
707,[职场商战], 穿过流年的爱情 ,艾嘉昕,2020/1/13 0:00
708,[职场商战], 你失去的一切… ,头枕梁梦一生,2020/6/13 23:27
709,[当代文学], 丁香花开的时候 ,xingon…,2020/9/9 0:00
710,[当代文学], 蔷薇气味 ,愚七,
711,[影视娱乐], 非法逐利者 ,永和,2020/2/1 13:51
712,[人文], 抵死缠绵 ,唐颖小,2020/3/31 0:00
713,[人文], 便宜总裁的心… ,妖灵陆,2020/9/27 20:05
714,[言情小说], 寂夏花开 ,艾嘉昕,2020/5/8 0:00
715,[言情小说], 冷面妖姬：王… ,小重九,2020/9/23 0:00
716,[言情小说], 机器迷岛 ,唯伊,2020/2/9 10:00
717,[历史架空], 天使之光 ,猫小娜,2020/5/20 0:00
718,[现代都市], 迷情：挚爱难婚 ,夜色如画,2020/10/31 6:50
719,[现代都市], 混世狂少 ,烟路苍茫,2020/3/3 17:03
720,[现代都市], 神仙学堂 ,一夫不二,2020/8/9 16:34
721,[青春校园], 我男友是霸道男 ,罂花粟,
722,[励志成功], 墙 ,章语,2020/1/27 18:30
723,[职场商战], 与我缠绵 ,子楚,2020/5/8 0:00
724,[职场商战], 从灾难中走出… ,zhou86…,2020/9/8 10:42
725,[当代文学], 我们来自向阳村 ,盐巴周亚华,2020/12/29 19:54
726,[人文], 歌吟上海滩 ,暮雨初歇,2020/5/8 0:00
727,[人文], 宫心谋之庶女… ,爱猫咪的小樱,2020/3/31 0:00
728,[人文], 难忘春雪夜 ,流水泉源,2020/1/19 11:06
729,[人文], 清清夏阳 ,燕敏倪,2020/12/19 0:05
730,[言情小说], 你的枝桠我的… ,黔南布衣,2020/9/28 10:51
731,[历史架空], 死亡通知单之… ,周浩晖,2020/10/19 0:00
732,[奇幻科幻], 末日 ,book52…,
733,[奇幻科幻], 某美漫的守护… ,不醉不休,
734,[现代都市], 老兵传奇 ,浮萍,2020/11/4 14:26
735,[现代都市], 美女领导逋尽 ,梵岸芳汀,2020/6/2 0:00
736,[现代都市], 我的三十年 ,娅妮,
737,[现代都市], 进城 ,老张头,2020/9/29 17:42
738,[现代都市], 谜雾 ,秋珂,2020/11/10 10:39
739,[现代都市], 平凡时光 ,丁芳,2020/10/31 15:20
740,[青春校园], 超级爱豆：三… ,千玺的希希,2020/1/6 18:09
741,[铁血军事], 来自山野的征服 ,万峰真人,2020/8/28 16:49
742,[职场商战], 宠妻百分百 ,沐月草,2020/5/8 0:00
743,[职场商战], 白衣天使俏冤家 ,小妞妞,2020/1/13 0:00
744,[当代文学], 局外人 ,哈笔名,
745,[人文], 爱若回首 ,熊猫,2020/5/8 0:00
746,[人文], 替身新娘 ,宇三少,2020/5/28 0:00
747,[言情小说], 滑过指尖的青春 ,沙,2020/5/8 0:00
748,[言情小说], 我的青春有你 ,孤少,2020/7/8 0:00
749,[言情小说], 第N封情书 ,谭陈思,2020/4/19 10:30
750,[历史架空], 刘娥 ,刘家三少,
751,[悬疑灵异], 花状令 ,天玉茗香,2020/2/7 17:33
752,[当代文学], 傻女结婚记 ,严夜,2020/11/17 10:30
753,[当代文学], 书名：轮回 ,Cricee…,2020/1/12 0:00
754,[当代文学], 浮生如梦 ,186854…,
755,[人文], 我的倔强十年 ,陌道不消魂,2020/9/5 18:15
756,[言情小说], 织梦少女 ,佳艺,2020/6/29 0:00
757,[历史架空], 狗、猫、鼠 ,瑜子林,2020/5/21 0:00
758,[历史架空], 异界使魔行 ,迷失的田鸡,2020/7/8 0:00
759,[奇幻科幻], 天坑山 ,冬子,2020/2/15 17:51
760,[现代都市], 药医圣者 ,清风飞翼为曼舞,2020/11/28 0:00
761,[现代都市], 我的漂亮女房东 ,卧城,2020/3/23 0:00
762,[现代都市], 明星帝国 ,指尖兰花,2020/5/16 0:00
763,[现代都市], 国道 ,居易,2020/12/24 9:24
764,[纪实传记], 活着与毁灭 ,聂凯,2020/11/4 11:58
765,[纪实传记], 乡愁 ,田山,2020/5/23 15:06
766,[纪实传记], 海伦凯勒自传 ,（美）海伦.…,2020/6/19 11:00
767,[青春校园], 城市密玛 ,清莹真如,2020/2/22 18:40
768,[历史风云], 慕容演义 ,平原真君1,2020/7/22 7:12
769,[生活休闲], 魂断矮子桥 ,张小柯,
770,[当代文学], 酷妹 ,严夜,2020/10/17 0:00
771,[当代文学], 小古子 ,光禾,2020/10/9 14:21
772,[人文], 情殇之妖颜倾城 ,蓝洛洛,2020/5/8 0:00
773,[人文], 异国 ,孙春花,2020/9/18 0:00
774,[言情小说], 夜莺与蔷薇 ,DEVILD…,2020/6/30 0:00
775,[历史架空], 午后记得叩叩… ,梨湖,2020/5/24 0:00
776,[历史架空], 半夏 ,簇蓝,2020/8/17 0:00
777,[奇幻科幻], 基因规划处 ,雨敬,
778,[现代都市], 追逃：无名英雄 ,山 风,2020/4/25 0:00
779,[现代都市], 抉择之夏 ,山米,2020/12/23 10:09
780,[纪实传记], 富兰克林自传 ,（美）本杰明…,2020/6/19 11:17
781,[青春校园], 天雅大小姐 ,慕容修,
782,[历史风云], 慕容风云录 ,平原新君,2020/7/5 9:33
783,[生活休闲], 清远游 ,杨秀清,2020/9/26 14:06
784,[童话寓言], 母亲鱼（童话… ,东楚金土,2020/6/27 10:21
785,[职场商战], 以恨为名爱着你 ,果冻三千,2020/5/8 0:00
786,[职场商战], 回忆里的旧时光 ,叶紫,2020/1/13 0:00
787,[当代文学], 致人间 ,天玉茗香,2020/12/28 16:14
788,[当代文学], 吹尽黄沙 ,谋眼强军奔现代,2020/6/20 22:20
789,[人文], 重生之烟火 ,竹林起月,2020/5/22 0:00
790,[言情小说], 我的三个太阳… ,产子1,
791,[历史架空], 瞎子亮亮上北京 ,兰花花开,2020/5/20 0:00
792,[武侠仙侠], 剑飞侠舞闯九洲 ,袁保卫,2020/6/14 11:15
793,[现代都市], 健桥风云录 ,汤正宗,2020/2/23 12:00
794,[职场商战], 穿过流年的爱情 ,艾嘉昕,2020/1/13 0:00
795,[职场商战], 你失去的一切… ,头枕梁梦一生,2020/6/13 23:27
796,[当代文学], 丁香花开的时候 ,xingon…,2020/9/9 0:00
797,[当代文学], 蔷薇气味 ,愚七,
798,[影视娱乐], 非法逐利者 ,永和,2020/2/1 13:51
799,[人文], 抵死缠绵 ,唐颖小,2020/3/31 0:00
800,[人文], 便宜总裁的心… ,妖灵陆,2020/9/27 20:05
801,[言情小说], 寂夏花开 ,艾嘉昕,2020/5/8 0:00
802,[言情小说], 冷面妖姬：王… ,小重九,2020/9/23 0:00
803,[言情小说], 机器迷岛 ,唯伊,2020/2/9 10:00
804,[历史架空], 第十二夜2：… ,璇儿,2020/10/19 0:00
805,[历史架空], 二十年回忆录 ,流浪的猫,2020/10/11 0:00
806,[奇幻科幻], 罗布泊之谜 ,一珲,2020/11/30 18:15
807,[现代都市], 我们终将学会… ,贺木兰子,2020/8/16 18:30
808,[现代都市], 那年三十岁 ,柳无风,2020/11/28 0:00
809,[现代都市], 神仙学堂 ,一夫不二,2020/8/9 16:34
810,[青春校园], 我男友是霸道男 ,罂花粟,
811,[励志成功], 墙 ,章语,2020/1/27 18:30
812,[职场商战], 与我缠绵 ,子楚,2020/5/8 0:00
813,[职场商战], 从灾难中走出… ,zhou86…,2020/9/8 10:42
814,[当代文学], 我们来自向阳村 ,盐巴周亚华,2020/12/29 19:54
815,[人文], 歌吟上海滩 ,暮雨初歇,2020/5/8 0:00
816,[人文], 宫心谋之庶女… ,爱猫咪的小樱,2020/3/31 0:00
817,[人文], 难忘春雪夜 ,流水泉源,2020/1/19 11:06
818,[人文], 清清夏阳 ,燕敏倪,2020/12/19 0:05
819,[言情小说], 你的枝桠我的… ,黔南布衣,2020/9/28 10:51
820,[历史架空], 天使之光 ,猫小娜,2020/5/20 0:00
821,[现代都市], 迷情：挚爱难婚 ,夜色如画,2020/10/31 6:50
822,[现代都市], 混世狂少 ,烟路苍茫,2020/3/3 17:03
823,[现代都市], 我的三十年 ,娅妮,
824,[现代都市], 进城 ,老张头,2020/9/29 17:42
825,[现代都市], 谜雾 ,秋珂,2020/11/10 10:39
826,[现代都市], 平凡时光 ,丁芳,2020/10/31 15:20
827,[青春校园], 超级爱豆：三… ,千玺的希希,2020/1/6 18:09
828,[铁血军事], 来自山野的征服 ,万峰真人,2020/8/28 16:49
829,[职场商战], 宠妻百分百 ,沐月草,2020/5/8 0:00
830,[职场商战], 白衣天使俏冤家 ,小妞妞,2020/1/13 0:00
831,[当代文学], 局外人 ,哈笔名,
832,[人文], 爱若回首 ,熊猫,2020/5/8 0:00
833,[人文], 替身新娘 ,宇三少,2020/5/28 0:00
834,[言情小说], 滑过指尖的青春 ,沙,2020/5/8 0:00
835,[言情小说], 我的青春有你 ,孤少,2020/7/8 0:00
836,[言情小说], 第N封情书 ,谭陈思,2020/4/19 10:30
837,[历史架空], 死亡通知单之… ,周浩晖,2020/10/19 0:00
838,[奇幻科幻], 末日 ,book52…,
839,[奇幻科幻], 某美漫的守护… ,不醉不休,
840,[现代都市], 老兵传奇 ,浮萍,2020/11/4 14:26
841,[现代都市], 美女领导逋尽 ,梵岸芳汀,2020/6/2 0:00
842,[现代都市], 钱债 ,朱冰,2020/12/20 9:42
843,[现代都市], 北门（精修版） ,严冰舒,2020/5/20 14:31
844,[纪实传记], 人道至简 ,缘祭,2020/8/28 15:27
845,[青春校园], 大学校园，我… ,燕山夜话,2020/1/24 8:10
846,[历史风云], 阿发那场梦 ,荔叶,2020/7/8 21:47
847,[历史风云], 飞来的紫禁城 ,章云苍喜1,2020/12/8 17:09
848,[悬疑灵异], 魂匠 ,谦谦君子,2020/8/26 14:59
849,[生活休闲], 一缸鱼引发的… ,赵铤,2020/10/24 9:00
850,[职场商战], 宠妻无度 ,白筱羽,2020/5/8 0:00
851,[职场商战], 谁主巅峰 ,凌晰,2020/10/29 18:21
852,[当代文学], 医闹达人 ,巴山真人,2020/2/28 15:24
853,[人文], 沉沦逆爱 ,付墨卿,2020/6/12 0:00
854,[人文], 拐个总裁回太空 ,扶桑若木,2020/1/3 9:54
855,[言情小说], 挽歌情 ,归人心,2020/4/29 0:00
856,[历史架空], 刘娥 ,刘家三少,
857,[历史架空], 都江堰-青城… ,山居,2020/5/21 13:45
858,[奇幻科幻], 凤凰phon… ,Echoo,2020/4/23 14:30
859,[现代都市], 奇门神小子 ,黑猫儿,2020/7/25 0:00
860,[现代都市], 护花高手在校园 ,喜欢妖精,2020/3/1 20:24
861,[现代都市], 出梅 ,杭帆,2020/10/16 8:51
862,[生活休闲], 人生那点儿事 ,草堂涂鸦客,
863,[当代文学], 深圳蓝 ,树荫底下,
864,[当代文学], 回到老家 ,西部洋芋蛋,2020/7/23 13:57
865,[当代文学], 碧海红毯不染尘 ,空山野叟,2020/12/26 9:12
866,[都市情感], 血色成本 ,山蓝水白,2020/5/28 18:03
867,[人文], 九七年开始的… ,岁月凡丫,2020/3/15 0:00
868,[现代都市], 回首有你的岁月 ,关山明月,2020/10/23 15:04
869,[现代都市], 血色神话 ,邵格野峰,2020/11/28 0:00
870,[现代都市], 回萌一笑很倾城 ,慕坦坦,2020/1/13 0:00
871,[职场商战], 谁在爱情里无… ,墨歌何处,2020/1/13 0:00
872,[人文], 人生最美遇见你 ,艾嘉昕,2020/5/8 0:00
873,[言情小说], 凉薄少女的手… ,千与千寻,2020/2/26 0:00
874,[历史架空], 华工军团 ,原鹿deer,2020/3/24 12:07
875,[历史架空], 破芥 ,释三顺,
876,[武侠仙侠], 玄明传奇 ,夜书隐,2020/5/26 18:00
877,[现代都市], 风雨情缘 ,纠结小鸟,2020/11/28 0:00
878,[现代都市], 热血古惑之天… ,赤无枫,2020/11/28 0:00
879,[现代都市], 金主沉浮 ,宇宙之眼,2020/11/28 0:00
880,[现代都市], 潜逃 ,基督山,2020/9/8 9:15
881,[现代都市], 都市玄术大宗师 ,沉醉第一扑,2020/11/19 17:13
882,[职场商战], 错爱凤凰男 ,南歌,2020/5/8 0:00
883,[职场商战], 恋爱攻坚战 ,兮同,2020/1/13 0:00
884,[当代文学], 缘份 ,荔叶,2020/7/8 17:28
885,[当代文学], 遗忘地带 ,何愚道,
886,[言情小说], 爱上单纯小女人 ,狐狸精的梦,2020/9/22 0:00
887,[现代都市], 护花特种兵 ,樵渔,2020/8/3 9:11
888,[现代都市], 契约情人是总裁 ,红颜却不知己,2020/2/22 17:31
889,[现代都市], 都市天才学生 ,西瓜和啤酒,2020/3/2 0:00
890,[现代都市], 陪读这一年 ,老柳快跑,2020/9/24 0:00
891,[现代都市], 猎宝记 ,猎宝者,2020/7/6 11:13
892,[都市情感], 他是此生意难平 ,萧选,2020/2/6 22:20
893,[人文], 江南复仇记 ,不灭江南,2020/12/6 15:11
894,[言情小说], 妃遇红楼绘梦 ,淡然无痕,2020/9/22 0:00
895,[言情小说], 誓不为妃：王… ,蜡笔小新,2020/4/24 0:00
896,[言情小说], 电脑高手在校园 ,死亡苍穹,2020/3/17 0:00
897,[现代都市], 美女的特级保镖 ,陈家洛,2020/2/23 12:00
898,[现代都市], 女神制造者 ,菜刀,2020/9/10 0:00
899,[现代都市], 允那一世清芳 ,墨家的韵,
900,[青春校园], 宸妃倾城 ,汐宁烟,2020/1/26 20:08
901,[都市情感], 王小苗的仕途… ,鱼汤1,
902,[人文], 两个女人 ,九月女人,2020/8/4 0:00
903,[人文], 情非得已，错… ,不飞鸟,2020/8/1 0:00
904,[言情小说], 何来何有 ,曾行者,
905,[言情小说], 黑白世界 ,丁芳,2020/1/31 11:54
906,[历史架空], 开疆拓土 ,我错了,2020/10/30 10:21
907,[现代都市], 幕后邪徒 ,码字小神,2020/11/28 0:00
908,[现代都市], 戛然而止的爱情 ,她雪,2020/1/13 0:00
909,[现代都市], 小冬的春秋 ,野院大大,2020/5/20 0:00
910,[现代都市], 六面狐 ,梵岸芳汀,2020/7/1 0:00
911,[现代都市], 歧途 ,阿花北北,2020/9/4 19:20
912,[现代都市], 遥远的路途 ,龙文洲,2020/10/19 0:00
913,[现代都市], 自由的风 ,旧梦怀空,
914,[现代都市], 老师之死 ,阿弥陀佛1,2020/12/27 10:51
915,[青春校园], 青春结 ,怡红主人,2020/9/5 10:39
916,[童话寓言], 小智历险记 ,计蒙生,2020/5/30 14:00
917,[当代文学], 棠溪笔记 ,棠溪,2020/6/2 10:24
918,[言情小说], 雨雾迷城 ,缘因,
919,[奇幻科幻], 死魂城 ,楚月1,
920,[现代都市], 护美特种兵 ,曾家大少爷,2020/8/14 0:00
921,[现代都市], 草根逆袭总裁… ,manwuf…,2020/12/25 0:00
922,[现代都市], 紫瞳轮回 ,妖族太子,2020/11/28 0:00
923,[现代都市], 商战奇才 ,下弦月,2020/3/15 9:08
924,[现代都市], 印度逋 ,任天堂V2,2020/5/26 0:00
925,[现代都市], 至尊兵王在都市 ,清新倦客,2020/8/14 0:00
926,[现代都市], 在刀尖上跳舞 ,文捷,2020/12/26 10:45
927,[生活休闲], 因为风的缘故 ,旧梦怀空,
928,[人文], 亿万隐婚：国… ,一晌贪欢,2020/12/22 10:38
929,[言情小说], 青春荒唐，我… ,木兰辞,2020/5/8 0:00
930,[武侠仙侠], 六神重现 ,墨家的韵,
931,[现代都市], 统一黑道 ,梦里云归,2020/11/28 0:00
932,[现代都市], 校园王道 ,小飞哥,2020/3/2 0:00
933,[现代都市], 哦，慈乌 ,跟恁半倒,2020/9/5 10:15
934,[现代都市], 东湖往事 ,顽皮的大虾,2020/8/24 11:01
935,[纪实传记], 欧克欧克 ,译鸣,2020/8/9 9:30
936,[历史风云], 洛城故 ,陌道不消魂,2020/9/6 17:42
937,[生活休闲], 百变狼王 ,龙凤剑客,2020/9/10 23:00
938,[当代文学], 我们消失在彼… ,夏唯沫,2020/1/28 0:00
939,[人文], 情人有泪 ,洛希然,2020/5/8 0:00
940,[言情小说], 公子一醉卧春城 ,等在最后,2020/5/18 0:00
941,[历史架空], 第十二夜3：… ,璇儿,2020/10/19 0:00
942,[现代都市], 职场嘻哈族 ,弋元,2020/11/28 0:00
943,[现代都市], 嚣张秘笈 ,肥遁,2020/3/3 17:30
944,[现代都市], 校园花少闯都市 ,闻香识女,2020/6/30 0:00
945,[现代都市], 虎啸关东 ,大官场,2020/9/16 6:48
946,[现代都市], 鬼妹苍蝇――… ,wjl590…,2020/7/26 14:12
947,[当代文学], 医界隐者 ,墨池鱼,2020/1/31 0:00
948,[历史架空], 世纪深谷的回音 ,观音崖,2020/3/24 16:28
949,[历史架空], 刘娥大传 ,刘家三少,
950,[现代都市], 那些年我的热… ,狂风卷黄叶,2020/11/28 0:00
951,[现代都市], 城管春秋 ,常山泛舟常江,2020/2/23 10:30
952,[现代都市], 陌上柳絮 ,艾廷沙,2020/2/24 0:00
953,[生活休闲], 血之权杖 ,亚平宁半岛,2020/8/12 17:52
954,[都市情感], 王小苗的仕途… ,鱼汤1,
955,[人文], 两个女人 ,九月女人,2020/8/4 0:00
956,[人文], 情非得已，错… ,不飞鸟,2020/8/1 0:00
957,[言情小说], 何来何有 ,曾行者,
958,[言情小说], 黑白世界 ,丁芳,2020/1/31 11:54
959,[历史架空], 开疆拓土 ,我错了,2020/10/30 10:21
960,[现代都市], 幕后邪徒 ,码字小神,2020/11/28 0:00
961,[现代都市], 戛然而止的爱情 ,她雪,2020/1/13 0:00
962,[现代都市], 小冬的春秋 ,野院大大,2020/5/20 0:00
963,[现代都市], 六面狐 ,梵岸芳汀,2020/7/1 0:00
964,[现代都市], 歧途 ,阿花北北,2020/9/4 19:20
965,[现代都市], 遥远的路途 ,龙文洲,2020/10/19 0:00
966,[现代都市], 自由的风 ,旧梦怀空,
967,[现代都市], 老师之死 ,阿弥陀佛1,2020/12/27 10:51
968,[青春校园], 青春结 ,怡红主人,2020/9/5 10:39
969,[童话寓言], 小智历险记 ,计蒙生,2020/5/30 14:00
970,[当代文学], 棠溪笔记 ,棠溪,2020/6/2 10:24
971,[言情小说], 雨雾迷城 ,缘因,
972,[奇幻科幻], 死魂城 ,楚月1,
973,[现代都市], 护美特种兵 ,曾家大少爷,2020/8/14 0:00
974,[现代都市], 草根逆袭总裁… ,manwuf…,2020/12/25 0:00
975,[现代都市], 紫瞳轮回 ,妖族太子,2020/11/28 0:00
976,[现代都市], 商战奇才 ,下弦月,2020/3/15 9:08
977,[现代都市], 印度逋 ,任天堂V2,2020/5/26 0:00
978,[现代都市], 至尊兵王在都市 ,清新倦客,2020/8/14 0:00
979,[现代都市], 在刀尖上跳舞 ,文捷,2020/12/26 10:45
980,[生活休闲], 因为风的缘故 ,旧梦怀空,
981,[人文], 亿万隐婚：国… ,一晌贪欢,2020/12/22 10:38
982,[言情小说], 青春荒唐，我… ,木兰辞,2020/5/8 0:00
983,[武侠仙侠], 六神重现 ,墨家的韵,
984,[现代都市], 统一黑道 ,梦里云归,2020/11/28 0:00
985,[现代都市], 校园王道 ,小飞哥,2020/3/2 0:00
986,[现代都市], 哦，慈乌 ,跟恁半倒,2020/9/5 10:15
987,[现代都市], 东湖往事 ,顽皮的大虾,2020/8/24 11:01
988,[纪实传记], 欧克欧克 ,译鸣,2020/8/9 9:30
989,[历史风云], 洛城故 ,陌道不消魂,2020/9/6 17:42
990,[生活休闲], 百变狼王 ,龙凤剑客,2020/9/10 23:00
991,[当代文学], 我们消失在彼… ,夏唯沫,2020/1/28 0:00
992,[人文], 情人有泪 ,洛希然,2020/5/8 0:00
993,[言情小说], 公子一醉卧春城 ,等在最后,2020/5/18 0:00
994,[历史架空], 第十二夜3：… ,璇儿,2020/10/19 0:00
995,[现代都市], 职场嘻哈族 ,弋元,2020/11/28 0:00
996,[现代都市], 嚣张秘笈 ,肥遁,2020/3/3 17:30
997,[现代都市], 校园花少闯都市 ,闻香识女,2020/6/30 0:00
998,[现代都市], 虎啸关东 ,大官场,2020/9/16 6:48
999,[现代都市], 鬼妹苍蝇――… ,wjl590…,2020/7/26 14:12
1000,[当代文学], 医界隐者 ,墨池鱼,2020/1/31 0:00
